total_reward,mean_reward
820.1244609257789,0.7744329187212265
649.0669106265972,0.6684520191829013
872.2530386918118,0.9029534562027037
926.3994864302801,0.8421813513002547
